연번,대분류,항목명,중분류,코드,소분류,항목명,세분류,real항목,세세분류,항목
1,A,"농업, 임업 및 어업 (01 ~ 03)",1,농업,11,작물 재배업,111,곡물 및 기타 식량작물 재배업,1110,곡물 및 기타 식량작물 재배업
2,,,,,,,112,"채소, 화훼작물 및 종묘 재배업",1121,채소작물 재배업
3,,,,,,,,,1122,화훼작물 재배업
4,,,,,,,,,1123,종자 및 묘목 생산업
5,,,,,,,113,"과실, 음료용 및 향신용 작물 재배업",1131,과실작물 재배업
6,,,,,,,,,1132,음료용 및 향신용 작물 재배업
7,,,,,,,114,기타 작물 재배업,1140,기타 작물 재배업
8,,,,,,,115,시설작물 재배업,1151,콩나물 재배업
9,,,,,,,,,1152,"채소, 화훼 및 과실작물 시설 재배업"
10,,,,,,,,,1159,기타 시설작물 재배업
11,,,,,12,축산업,121,소 사육업,1211,젖소 사육업
12,,,,,,,,,1212,육우 사육업
13,,,,,,,122,양돈업,1220,양돈업
14,,,,,,,123,가금류 및 조류 사육업,1231,양계업
15,,,,,,,,,1239,기타 가금류 및 조류 사육업
16,,,,,,,129,기타 축산업,1291,말 및 양 사육업
17,,,,,,,,,1299,그외 기타 축산업
18,,,,,13,작물재배 및 축산 복합농업,130,작물재배 및 축산 복합농업,1300,작물재배 및 축산 복합농업
19,,,,,14,작물재배 및 축산 관련 서비스업,141,작물재배 관련 서비스업,1411,작물재배 지원 서비스업
20,,,,,,,,,1412,"농산물 건조, 선별 및 기타 수확후 서비스업"
21,,,,,,,142,축산 관련 서비스업,1420,축산 관련 서비스업
22,,,,,15,수렵 및 관련 서비스업,150,수렵 및 관련 서비스업,1500,수렵 및 관련 서비스업
23,,,2,임업,20,임업,201,영림업,2011,임업용 종묘 생산업
24,,,,,,,,,2012,육림업
25,,,,,,,202,벌목업,2020,벌목업
26,,,,,,,203,임산물 채취업,2030,임산물 채취업
27,,,,,,,204,임업 관련 서비스업,2040,임업 관련 서비스업
28,,,3,어업,31,어로 어업,311,해면 어업,3111,원양 어업
29,,,,,,,,,3112,연근해 어업
30,,,,,,,312,내수면 어업,3120,내수면 어업
31,,,,,32,양식어업 및 어업관련 서비스업,321,양식 어업,3211,해면 양식 어업
32,,,,,,,,,3212,내수면 양식 어업
33,,,,,,,,,3213,수산물 부화 및 종묘 생산업
34,,,,,,,322,어업 관련 서비스업,3220,어업 관련 서비스업
35,B,광업 (05 ~ 08),5,"석탄, 원유 및 천연가스 광업",51,석탄 광업,510,석탄 광업,5100,석탄 광업
36,,,,,52,원유 및 천연가스 채굴업,520,원유 및 천연가스 채굴업,5200,원유 및 천연가스 채굴업
37,,,6,금속 광업,61,철 광업,610,철 광업,6100,철 광업
38,,,,,62,비철금속 광업,621,우라늄 및 토륨 광업,6210,우라늄 및 토륨 광업
39,,,,,,,629,기타 비철금속 광업,6291,금·은 및 백금 광업
40,,,,,,,,,6292,연 및 아연 광업
41,,,,,,,,,6299,그외 기타 비철금속 광업
42,,,7,비금속광물 광업;연료용 제외,71,토사석 광업,711,석회석 및 점토 광업,7111,석회석 광업
43,,,,,,,,,7112,고령토 및 기타 점토 광업
44,,,,,,,712,"석재, 쇄석 및 모래자갈 채취업",7121,건설용 석재 채굴업
45,,,,,,,,,7122,건설용 쇄석 생산업
46,,,,,,,,,7123,모래 및 자갈 채취업
47,,,,,72,기타 비금속광물 광업,721,화학용 및 비료원료용 광물 광업,7210,화학용 및 비료원료용 광물 광업
48,,,,,,,722,소금 채취업,7220,소금 채취업
49,,,,,,,729,그외 기타 비금속광물 광업,7290,그외 기타 비금속광물 광업
50,,,8,광업 지원 서비스업,80,광업 지원 서비스업,801,원유 및 천연가스 채굴관련 서비스업,8010,원유 및 천연가스 채굴관련 서비스업
51,,,,,,,809,기타 광업 지원 서비스업,8090,기타 광업 지원 서비스업
52,C,제조업 (10 ~ 33),10,식료품 제조업,101,"도축, 육류 가공 및 저장 처리업",1011,도축업,10110,도축업
53,,,,,,,1012,육류 가공 및 저장 처리업,10121,가금류 가공 및 저장 처리업
54,,,,,,,,,10129,기타 육류 가공 및 저장처리업
55,,,,,102,수산물 가공 및 저장 처리업,1021,수산동물 가공 및 저장 처리업,10211,"수산동물 훈제, 조리 및 유사 조제식품 제조업"
56,,,,,,,,,10212,수산동물 건조 및 염장품 제조업
57,,,,,,,,,10213,수산동물 냉동품 제조업
58,,,,,,,,,10219,기타 수산동물 가공 및 저장처리업
59,,,,,,,1022,수산식물 가공 및 저장 처리업,10220,수산식물 가공 및 저장 처리업
60,,,,,103,"과실, 채소 가공 및 저장 처리업",1030,"과실, 채소 가공 및 저장 처리업",10301,과실 및 채소 절임식품 제조업
61,,,,,,,,,10309,기타 과실·채소 가공 및 저장처리업
62,,,,,104,동물성 및 식물성 유지 제조업,1040,동물성 및 식물성 유지 제조업,10401,동물성 유지 제조업
63,,,,,,,,,10402,식물성 유지 제조업
64,,,,,,,,,10403,식용 정제유 및 가공유 제조업
65,,,,,105,낙농제품 및 식용빙과류 제조업,1050,낙농제품 및 식용빙과류 제조업,10501,액상시유 및 기타 낙농제품 제조업
66,,,,,,,,,10502,아이스크림 및 기타 식용빙과류 제조업
67,,,,,106,"곡물가공품, 전분 및 전분제품 제조업",1061,곡물 가공품 제조업,10611,곡물 도정업
68,,,,,,,,,10612,곡물 제분업
69,,,,,,,,,10613,제과용 혼합분말 및 반죽 제조업
70,,,,,,,,,10619,기타 곡물가공품 제조업
71,,,,,,,1062,전분제품 및 당류 제조업,10620,전분제품 및 당류 제조업
72,,,,,107,기타 식품 제조업,1071,"떡, 빵 및 과자류 제조업",10711,떡류 제조업
73,,,,,,,,,10712,빵류 제조업
74,,,,,,,,,10713,코코아 제품 및 과자류 제조업
75,,,,,,,1072,설탕 제조업,10720,설탕 제조업
76,,,,,,,1073,"면류, 마카로니 및 유사식품 제조업",10730,"면류, 마카로니 및 유사식품 제조업"
77,,,,,,,1074,조미료 및 식품 첨가물 제조업,10741,"식초, 발효 및 화학 조미료 제조업"
78,,,,,,,,,10742,천연 및 혼합조제 조미료 제조업
79,,,,,,,,,10743,장류 제조업
80,,,,,,,,,10749,기타 식품 첨가물 제조업
81,,,,,,,1079,기타 식료품 제조업,10791,커피 가공업
82,,,,,,,,,10792,차류 가공업
83,,,,,,,,,10793,수프 및 균질화식품 제조업
84,,,,,,,,,10794,두부 및 유사식품 제조업
85,,,,,,,,,10795,인삼식품 제조업
86,,,,,,,,,10796,건강보조용 액화식품 제조업
87,,,,,,,,,10797,건강기능식품 제조업
88,,,,,,,,,10798,도시락 및 식사용 조리식품 제조업
89,,,,,,,,,10799,그외 기타 식료품 제조업
90,,,,,108,동물용 사료 및 조제식품 제조업,1080,동물용 사료 및 조제식품 제조업,10800,동물용 사료 및 조제식품 제조업
91,,,11,음료 제조업,111,알콜음료 제조업,1111,발효주 제조업,11111,탁주 및 약주 제조업
92,,,,,,,,,11112,청주 제조업
93,,,,,,,,,11113,맥아 및 맥주 제조업
94,,,,,,,,,11119,기타 발효주 제조업
95,,,,,,,1112,증류주 및 합성주 제조업,11121,주정 제조업
96,,,,,,,,,11122,소주 제조업
97,,,,,,,,,11129,기타 증류주 및 합성주 제조업
98,,,,,112,비알콜음료 및 얼음 제조업,1120,비알콜음료 및 얼음 제조업,11201,얼음 제조업
99,,,,,,,,,11202,생수 생산업
100,,,,,,,,,11209,기타 비알콜음료 제조업
101,,,12,담배 제조업,120,담배 제조업,1200,담배 제조업,12001,담배 재건조업
102,,,,,,,,,12002,담배제품 제조업
103,,,13,섬유제품 제조업; 의복제외,131,방적 및 가공사 제조업,1310,방적 및 가공사 제조업,13101,면 방적업
104,,,,,,,,,13102,모 방적업
105,,,,,,,,,13103,화학섬유 방적업
106,,,,,,,,,13104,연사 및 가공사 제조업
107,,,,,,,,,13109,기타 방적업
108,,,,,132,직물직조 및 직물제품 제조업,1321,직물 직조업,13211,면직물 직조업
109,,,,,,,,,13212,모직물 직조업
110,,,,,,,,,13213,화학섬유직물 직조업
111,,,,,,,,,13214,견직물 직조업
112,,,,,,,,,13219,특수직물 및 기타직물 직조업
113,,,,,,,1322,직물제품 제조업,13221,침구 및 관련제품 제조업
114,,,,,,,,,13222,자수제품 및 자수용재료 제조업
115,,,,,,,,,13223,커튼 및 유사제품 제조업
116,,,,,,,,,13224,천막 및 기타캔버스 제품 제조업
117,,,,,,,,,13225,직물포대 제조업
118,,,,,,,,,13229,기타 직물제품 제조업
119,,,,,133,편조원단 및 편조제품 제조업,1331,편조원단 제조업,13310,편조원단 제조업
120,,,,,,,1332,편조제품 제조업,13320,편조제품 제조업
121,,,,,134,"섬유제품 염색, 정리 및 마무리 가공업",1340,"섬유제품 염색, 정리 및 마무리 가공업",13401,솜 및 실 염색가공업
122,,,,,,,,,13402,직물 및 편조원단 염색 가공업
123,,,,,,,,,13403,날염 가공업
124,,,,,,,,,13404,섬유사 및 직물 호부처리업
125,,,,,,,,,13409,"기타 섬유제품 염색, 정리 및 마무리 가공업"
126,,,,,139,기타 섬유제품 제조업,1391,"카펫, 마루덮개 및 유사제품 제조업",13910,"카펫, 마루덮개 및 유사제품 제조업"
127,,,,,,,1392,"끈, 로프, 망 및 끈가공품 제조업",13921,끈 및 로프 제조업
128,,,,,,,,,13922,어망 및 기타 끈가공품 제조업
129,,,,,,,1399,그외 기타 섬유제품 제조업,13991,세폭직물 제조업
130,,,,,,,,,13992,부직포 및 펠트 제조업
131,,,,,,,,,13993,특수사 및 코드직물 제조업
132,,,,,,,,,13994,적층 및 표면처리 직물 제조업
133,,,,,,,,,13999,그외 기타 분류안된 섬유제품 제조업
134,,,14,"의복, 의복액세서리 및 모피제품 제조업",141,봉제의복 제조업,1411,정장 제조업,14111,남자용 정장 제조업
135,,,,,,,,,14112,여자용 정장 제조업
136,,,,,,,1412,내의 및 잠옷 제조업,14120,내의 및 잠옷 제조업
137,,,,,,,1413,한복 제조업,14130,한복 제조업
138,,,,,,,1419,기타 봉제의복 제조업,14191,셔츠 및 체육복 제조업
139,,,,,,,,,14192,"근무복, 작업복 및 유사의복 제조업"
140,,,,,,,,,14193,가죽의복 제조업
141,,,,,,,,,14194,유아용 의복 제조업
142,,,,,,,,,14199,그외 기타 봉제의복 제조업
143,,,,,142,모피가공 및 모피제품 제조업,1420,모피가공 및 모피제품 제조업,14201,원모피 가공업
144,,,,,,,,,14202,천연모피제품 제조업
145,,,,,,,,,14203,인조모피 및 인조모피 제품 제조업
146,,,,,143,편조의복 제조업,1430,편조의복 제조업,14300,편조의복 제조업
147,,,,,144,의복 액세서리 제조업,1441,편조의복 액세서리 제조업,14411,스타킹 및 기타양말 제조업
148,,,,,,,,,14419,기타 편조의복 액세서리 제조업
149,,,,,,,1449,기타 의복액세서리 제조업,14491,모자 제조업
150,,,,,,,,,14499,그외 기타 의복액세서리 제조업
151,,,15,"가죽, 가방 및 신발 제조업",151,"가죽, 가방 및 유사제품 제조업",1511,원피가공 및 가죽 제조업,15110,원피가공 및 가죽 제조업
152,,,,,,,1512,"핸드백, 가방 및 기타 보호용 케이스 제조업",15121,핸드백 및 지갑 제조업
153,,,,,,,,,15129,가방 및 기타 보호용 케이스 제조업
154,,,,,,,1519,기타 가죽제품 제조업,15190,기타 가죽제품 제조업
155,,,,,152,신발 및 신발부분품 제조업,1521,신발제조업,15211,구두류 제조업
156,,,,,,,,,15219,기타 신발 제조업
157,,,,,,,1522,신발부분품 제조업,15220,신발부분품 제조업
158,,,16,목재 및 나무제품 제조업;가구제외,161,제재 및 목재 가공업,1610,제재 및 목재 가공업,16101,일반 제재업
159,,,,,,,,,16102,표면가공목재 및 특정 목적용 제재목 제조업
160,,,,,,,,,16103,"목재 보존, 방부처리, 도장 및 유사 처리업"
161,,,,,162,나무제품 제조업,1621,"박판, 합판 및 강화목제품 제조업",16211,"박판, 합판 및 유사적층판 제조업"
162,,,,,,,,,16212,강화 및 재생 목재 제조업
163,,,,,,,1622,건축용 나무제품 제조업,16221,목재문 및 관련제품 제조업
164,,,,,,,,,16229,기타 건축용 나무제품 제조업
165,,,,,,,1623,"목재 상자, 드럼 및 적재판 제조업",16231,목재 깔판류 및 기타 적재판 제조업
166,,,,,,,,,16232,"목재 포장용 상자, 드럼 및 유사용기 제조업"
167,,,,,,,1629,기타 나무제품 제조업,16291,목재 도구 및 기구 제조업
168,,,,,,,,,16292,주방용 및 식탁용 목제품 제조업
169,,,,,,,,,16293,장식용 목제품 제조업
170,,,,,,,,,16299,그외 기타 나무제품 제조업
171,,,,,163,코르크 및 조물 제품 제조업,1630,코르크 및 조물 제품 제조업,16301,코르크 제품 제조업
172,,,,,,,,,16302,돗자리 및 기타 조물제품 제조업
173,,,17,"펄프, 종이 및 종이제품 제조업",171,"펄프, 종이 및 판지 제조업",1711,펄프 제조업,17110,펄프 제조업
174,,,,,,,1712,종이 및 판지 제조업,17121,신문용지 제조업
175,,,,,,,,,17122,인쇄 및 필기용 원지 제조업
176,,,,,,,,,17123,크라프트지 및 상자용 판지 제조업
177,,,,,,,,,17124,"적층, 합성 및 특수표면처리 종이 제조업"
178,,,,,,,,,17129,기타 종이 및 판지 제조업
179,,,,,172,"골판지, 종이 상자 및 종이 용기 제조업",1721,골판지 및 골판지상자 제조업,17210,골판지 및 골판지상자 제조업
180,,,,,,,1722,"종이포대, 판지상자 및 종이용기 제조업",17221,종이 포대 및 가방 제조업
181,,,,,,,,,17222,판지 상자 및 용기 제조업
182,,,,,,,,,17223,식품 위생용 종이 상자 및 용기 제조업
183,,,,,,,,,17229,기타 종이 상자 및 용기 제조업
184,,,,,179,기타 종이 및 판지 제품 제조업,1790,기타 종이 및 판지 제품 제조업,17901,문구용 종이제품 제조업
185,,,,,,,,,17902,위생용 종이제품 제조업
186,,,,,,,,,17903,벽지 및 장판지 제조업
187,,,,,,,,,17909,그외 기타 종이 및 판지 제품 제조업
188,,,18,인쇄 및 기록매체 복제업,181,인쇄 및 인쇄관련 산업,1811,인쇄업,18111,경 인쇄업
189,,,,,,,,,18112,스크린 인쇄업
190,,,,,,,,,18119,기타 인쇄업
191,,,,,,,1812,인쇄관련 산업,18121,제판 및 조판업
192,,,,,,,,,18122,제책업
193,,,,,,,,,18129,기타 인쇄관련 산업
194,,,,,182,기록매체 복제업,1820,기록매체 복제업,18200,기록매체 복제업
195,,,19,"코크스, 연탄 및 석유정제품 제조업",191,코크스 및 연탄 제조업,1910,코크스 및 연탄 제조업,19101,코크스 및 관련제품 제조업
196,,,,,,,,,19102,연탄 및 기타 석탄 가공품 제조업
197,,,,,192,석유 정제품 제조업,1921,원유 정제처리업,19210,원유 정제처리업
198,,,,,,,1922,석유정제물 재처리업,19221,윤활유 및 그리스 제조업
199,,,,,,,,,19229,기타 석유정제물 재처리업
200,,,20,화학물질 및 화학제품 제조업;의약품 제외,201,기초화학물질 제조업,2011,기초유기화학물질 제조업,20111,석유화학계 기초화학물질 제조업
201,,,,,,,,,20112,천연수지 및 나무화학물질 제조업
202,,,,,,,,,20119,기타 기초유기화학물질 제조업
203,,,,,,,2012,기초 무기화학물질 제조업,20121,산업용 가스 제조업
204,,,,,,,,,20129,기타 기초무기화학물질 제조업
205,,,,,,,2013,"무기안료, 염료, 유연제 및 기타착색제 제조업",20131,무기안료 및 기타금속산화물 제조업
206,,,,,,,,,20132,"합성염료, 유연제 및 기타착색제 제조업"
207,,,,,202,비료 및 질소화합물 제조업,2020,비료 및 질소화합물 제조업,20201,"질소, 인산 및 칼리질 비료 제조업"
208,,,,,,,,,20202,복합비료 제조업
209,,,,,,,,,20209,기타 비료 및 질소화합물 제조업
210,,,,,203,합성고무 및 플라스틱 물질 제조업,2030,합성고무 및 플라스틱 물질 제조업,20301,합성고무 제조업
211,,,,,,,,,20302,합성수지 및 기타 플라스틱물질 제조업
212,,,,,,,,,20303,가공 및 재생 플라스틱원료 생산업
213,,,,,204,기타 화학제품 제조업,2041,살충제 및 기타농약 제조업,20411,가정용 살균 및 살충제 제조업
214,,,,,,,,,20412,농약 제조업
215,,,,,,,2042,"잉크, 페인트, 코팅제 및 유사제품 제조업",20421,일반용 도료 및 관련제품 제조업
216,,,,,,,,,20422,요업용 유약 및 관련제품 제조업
217,,,,,,,,,20423,인쇄잉크 제조업
218,,,,,,,,,20424,회화용 물감 제조업
219,,,,,,,2043,"세제, 화장품 및 광택제 제조업",20431,계면활성제 제조업
220,,,,,,,,,20432,"치약, 비누 및 기타 세제 제조업"
221,,,,,,,,,20433,화장품 제조업
222,,,,,,,,,20434,표면광택제 및 실내가향제 제조업
223,,,,,,,2049,그외 기타 화학제품 제조업,20491,사진용 화학제품 및 감광재료 제조업
224,,,,,,,,,20492,가공 및 정제염 제조업
225,,,,,,,,,20493,접착제 및 젤라틴 제조업
226,,,,,,,,,20494,화약 및 불꽃제품 제조업
227,,,,,,,,,20499,그외 기타 분류안된 화학제품 제조업
228,,,,,205,화학섬유 제조업,2050,화학섬유 제조업,20501,합성섬유 제조업
229,,,,,,,,,20502,재생섬유 제조업
230,,,21,의료용 물질 및 의약품 제조업,211,기초 의약물질 및 생물학적 제제 제조업,2110,기초 의약물질 및 생물학적 제제 제조업,21101,의약용 화합물 및 항생물질 제조업
231,,,,,,,,,21102,생물학적 제제 제조업
232,,,,,212,의약품 제조업,2121,완제 의약품 제조업,21210,완제 의약품 제조업
233,,,,,,,2122,한의약품 제조업,21220,한의약품 제조업
234,,,,,,,2123,동물용 의약품 제조업,21230,동물용 의약품 제조업
235,,,,,213,의료용품 및 기타 의약관련제품 제조업,2130,의료용품 및 기타 의약관련제품 제조업,21300,의료용품 및 기타 의약관련제품 제조업
236,,,22,고무제품 및 플라스틱제품 제조업,221,고무제품 제조업,2211,고무 타이어 및 튜브 생산업,22111,타이어 및 튜브 제조업
237,,,,,,,,,22112,타이어 재생업
238,,,,,,,2219,기타 고무제품 제조업,22191,산업용 비경화고무제품 제조업
239,,,,,,,,,22192,고무의류 및 기타 위생용 고무제품 제조업
240,,,,,,,,,22199,그외 기타 고무제품 제조업
241,,,,,222,플라스틱제품 제조업,2221,1차 플라스틱제품 제조업,22211,"플라스틱 선, 봉, 관 및 호스 제조업"
242,,,,,,,,,22212,"플라스틱 필름, 시트 및 판 제조업"
243,,,,,,,,,22213,플라스틱 합성피혁 제조업
244,,,,,,,2222,건축용 플라스틱제품 제조업,22221,벽 및 바닥 피복용 플라스틱제품 제조업
245,,,,,,,,,22222,저장용 및 위생용 플라스틱제품 제조업
246,,,,,,,,,22223,플라스틱 창호 제조업
247,,,,,,,,,22229,기타 건축용 플라스틱 조립제품 제조업
248,,,,,,,2223,포장용 플라스틱제품 제조업,22231,"플라스틱 포대, 봉투 및 유사제품 제조업"
249,,,,,,,,,22232,포장용 플라스틱 성형용기 제조업
250,,,,,,,2224,기계장비 조립용 플라스틱제품 제조업,22240,기계장비 조립용 플라스틱제품 제조업
251,,,,,,,2225,플라스틱 발포 성형제품 제조업,22250,플라스틱 발포 성형제품 제조업
252,,,,,,,2229,기타 플라스틱제품 제조업,22291,"플라스틱 적층, 도포 및 기타 표면처리 제품 제조업"
253,,,,,,,,,22299,그외 기타 플라스틱 제품 제조업
254,,,23,비금속 광물제품 제조업,231,유리 및 유리제품 제조업,2311,판유리 제조업,23110,판유리 제조업
255,,,,,,,2312,산업용 유리 및 판유리 가공품 제조업,23121,유리섬유 및 광학용 유리 제조업
256,,,,,,,,,23122,판유리 가공품 제조업
257,,,,,,,,,23129,기타 산업용 유리제품 제조업
258,,,,,,,2319,기타 유리제품 제조업,23191,가정용 유리제품 제조업
259,,,,,,,,,23192,포장용 유리용기 제조업
260,,,,,,,,,23199,그외 기타 유리제품 제조업
261,,,,,232,도자기 및 기타 요업제품 제조업,2321,일반도자기 제조업,23211,가정용 및 장식용 도자기 제조업
262,,,,,,,,,23212,위생용 도자기 제조업
263,,,,,,,,,23213,산업용 도자기 제조업
264,,,,,,,,,23219,기타 일반 도자기 제조업
265,,,,,,,2322,내화 요업제품 제조업,23221,구조용 정형내화제품 제조업
266,,,,,,,,,23229,기타 내화요업제품 제조업
267,,,,,,,2323,구조용 비내화 요업제품 제조업,23231,"점토벽돌, 블록 및 유사 비내화 요업제품 제조업"
268,,,,,,,,,23232,타일 및 유사 비내화 요업제품 제조업
269,,,,,,,,,23239,기타 구조용 비내화 요업제품 제조업
270,,,,,233,"시멘트, 석회, 플라스터 및 그 제품 제조업",2331,"시멘트, 석회 및 플라스터 제조업",23311,시멘트 제조업
271,,,,,,,,,23312,석회 및 플라스터 제조업
272,,,,,,,2332,"콘크리트, 시멘트 및 플라스터 제품 제조업",23321,비내화 모르타르 제조업
273,,,,,,,,,23322,레미콘 제조업
274,,,,,,,,,23323,플라스터 제품 제조업
275,,,,,,,,,23324,섬유시멘트 제품 제조업
276,,,,,,,,,23325,"콘크리트 타일, 기와, 벽돌 및 블록 제조업"
277,,,,,,,,,23326,콘크리트관 및 기타 구조용 콘크리트제품 제조업
278,,,,,,,,,23329,그외 기타 콘크리트 제품 및 유사제품 제조업
279,,,,,239,기타 비금속 광물제품 제조업,2391,석제품 제조업,23911,건설용 석제품 제조업
280,,,,,,,,,23919,기타 석제품 제조업
281,,,,,,,2399,그외 기타 비금속 광물제품 제조업,23991,아스콘 제조업
282,,,,,,,,,23992,연마재 제조업
283,,,,,,,,,23993,비금속광물 분쇄물 생산업
284,,,,,,,,,23994,"석면, 암면 및 유사제품 제조업"
285,,,,,,,,,23999,그외 기타 분류안된 비금속 광물제품 제조업
286,,,24,1차 금속 제조업,241,1차 철강 제조업,2411,"제철, 제강 및 합금철 제조업",24111,제철업
287,,,,,,,,,24112,제강업
288,,,,,,,,,24113,합금철 제조업
289,,,,,,,,,24119,기타 제철 및 제강업
290,,,,,,,2412,"철강 압연, 압출 및 연신제품 제조업",24121,열간 압연 및 압출 제품 제조업
291,,,,,,,,,24122,냉간 압연 및 압출 제품 제조업
292,,,,,,,,,24123,철강선 제조업
293,,,,,,,2413,철강관 제조업,24131,주철관 제조업
294,,,,,,,,,24132,강관 제조업
295,,,,,,,2419,기타 1차 철강 제조업,24191,"도금, 착색 및 기타 표면처리강재 제조업"
296,,,,,,,,,24199,그외 기타 1차 철강 제조업
297,,,,,242,1차 비철금속 제조업,2421,"비철금속 제련, 정련 및 합금 제조업",24211,"동 제련, 정련 및 합금 제조업"
298,,,,,,,,,24212,"알루미늄 제련, 정련 및 합금 제조업"
299,,,,,,,,,24213,"연 및 아연 제련, 정련 및 합금 제조업"
300,,,,,,,,,24219,"기타 비철금속 제련, 정련 및 합금 제조업"
301,,,,,,,2422,"비철금속 압연, 압출 및 연신제품 제조업",24221,"동 압연, 압출 및 연신제품 제조업"
302,,,,,,,,,24222,"알루미늄 압연, 압출 및 연신제품 제조업"
303,,,,,,,,,24229,"기타 비철금속 압연, 압출 및 연신제품 제조업"
304,,,,,,,2429,기타 1차 비철금속 제조업,24290,기타 1차 비철금속 제조업
305,,,,,243,금속 주조업,2431,철강 주조업,24311,선철주물 주조업
306,,,,,,,,,24312,강주물 주조업
307,,,,,,,2432,비철금속 주조업,24321,알루미늄주물 주조업
308,,,,,,,,,24322,동주물 주조업
309,,,,,,,,,24329,기타 비철금속 주조업
310,,,25,금속가공제품 제조업;기계 및 가구 제외,251,"구조용 금속제품, 탱크 및 증기발생기 제조업",2511,구조용 금속제품 제조업,25111,"금속 문, 창, 셔터 및 관련제품 제조업"
311,,,,,,,,,25112,구조용 금속판제품 및 금속공작물 제조업
312,,,,,,,,,25113,금속 조립구조재 제조업
313,,,,,,,,,25119,기타 구조용 금속제품 제조업
314,,,,,,,2512,"금속탱크, 저장조 및 유사 용기 제조업",25121,중앙난방보일러 및 방열기 제조업
315,,,,,,,,,25122,설치용 금속탱크 및 저장용기 제조업
316,,,,,,,2513,핵반응기 및 증기발생기 제조업,25130,핵반응기 및 증기발생기 제조업
317,,,,,252,무기 및 총포탄 제조업,2520,무기 및 총포탄 제조업,25200,무기 및 총포탄 제조업
318,,,,,259,기타 금속가공제품 제조업,2591,"금속 단조, 압형 및 분말야금 제품 제조업",25911,분말야금제품 제조업
319,,,,,,,,,25912,금속단조제품 제조업
320,,,,,,,,,25913,금속압형제품 제조업
321,,,,,,,2592,"금속 열처리, 도금 및 기타 금속가공업",25921,금속 열처리업
322,,,,,,,,,25922,도금업
323,,,,,,,,,25923,도장 및 기타 피막처리업
324,,,,,,,,,25924,절삭가공 및 유사처리업
325,,,,,,,,,25929,그외 기타 금속가공업
326,,,,,,,2593,"날붙이, 수공구 및 일반철물 제조업",25931,날붙이 제조업
327,,,,,,,,,25932,일반철물 제조업
328,,,,,,,,,25933,비동력식 수공구 제조업
329,,,,,,,,,25934,톱 및 호환성공구 제조업
330,,,,,,,2594,"금속파스너, 스프링 및 금속선 가공제품 제조업",25941,금속파스너 및 나사제품 제조업
331,,,,,,,,,25942,금속 스프링 제조업
332,,,,,,,,,25943,금속선 가공제품 제조업
333,,,,,,,2599,그외 기타 금속가공제품 제조업,25991,금속캔 및 기타 포장용기 제조업
334,,,,,,,,,25992,금고 제조업
335,,,,,,,,,25993,수동식 식품 가공기기 및 금속주방용기 제조업
336,,,,,,,,,25994,금속위생용품 제조업
337,,,,,,,,,25995,금속표시판 제조업
338,,,,,,,,,25999,그외 기타 분류안된 금속가공제품 제조업
339,,,26,"전자부품, 컴퓨터, 영상, 음향 및 통신장비 제조업",261,반도체 제조업,2611,전자집적회로 제조업,26110,전자집적회로 제조업
340,,,,,,,2612,"다이오드, 트랜지스터 및 유사 반도체소자 제조업",26120,"다이오드, 트랜지스터 및 유사 반도체소자 제조업"
341,,,,,262,전자부품 제조업,2621,평판 디스플레이 제조업,26211,액정 평판 디스플레이 제조업
342,,,,,,,,,26219,플라즈마 및 기타 평판 디스플레이 제조업
343,,,,,,,2622,인쇄회로기판 및 전자부품 실장기판 제조업,26221,인쇄회로기판 제조업
344,,,,,,,,,26222,전자부품 실장기판 제조업
345,,,,,,,2629,기타 전자부품 제조업,26291,전자관 제조업
346,,,,,,,,,26292,전자축전기 제조업
347,,,,,,,,,26293,전자저항기 제조업
348,,,,,,,,,26294,전자카드 제조업
349,,,,,,,,,26295,"전자코일, 변성기 및 기타 전자유도자 제조업"
350,,,,,,,,,26296,전자접속카드 제조업
351,,,,,,,,,26299,그외 기타 전자부품 제조업
352,,,,,263,컴퓨터 및 주변장치 제조업,2631,컴퓨터 제조업,26310,컴퓨터 제조업
353,,,,,,,2632,기억장치 및 주변기기 제조업,26321,기억장치 제조업
354,,,,,,,,,26322,컴퓨터 모니터 제조업
355,,,,,,,,,26323,컴퓨터 프린터 제조업
356,,,,,,,,,26329,기타 주변기기 제조업
357,,,,,264,통신 및 방송 장비 제조업,2641,유선 통신장비 제조업,26410,유선 통신장비 제조업
358,,,,,,,2642,방송 및 무선 통신장비 제조업,26421,방송장비 제조업
359,,,,,,,,,26422,이동전화기 제조업
360,,,,,,,,,26429,기타 무선 통신장비 제조업
361,,,,,265,영상 및 음향기기 제조업,2651,"텔레비전, 비디오 및 기타 영상기기 제조업",26511,텔레비전 제조업
362,,,,,,,,,26519,비디오 및 기타 영상기기 제조업
363,,,,,,,2652,"오디오, 스피커 및 기타 음향기기 제조업",26521,"라디오, 녹음 및 재생 기기 제조업"
364,,,,,,,,,26529,기타 음향기기 제조업
365,,,,,266,마그네틱 및 광학 매체 제조업,2660,마그네틱 및 광학 매체 제조업,26600,마그네틱 및 광학 매체 제조업
366,,,27,"의료, 정밀, 광학기기 및 시계 제조업",271,의료용 기기 제조업,2711,방사선장치 및 전기식 진단기기 제조업,27111,방사선 장치 제조업
367,,,,,,,,,27112,전기식 진단 및 요법 기기 제조업
368,,,,,,,2719,기타 의료용 기기 제조업,27191,치과용 기기 제조업
369,,,,,,,,,27192,정형외과용 및 신체보정용 기기 제조업
370,,,,,,,,,27193,의료용 가구 제조업
371,,,,,,,,,27199,그외 기타 의료용 기기 제조업
372,,,,,272,"측정, 시험, 항해, 제어 및 기타 정밀기기 제조업; 광학기기 제외",2721,"측정, 시험, 항해, 제어 및 기타 정밀기기 제조업",27211,항행용 무선기기 및 측량기구 제조업
373,,,,,,,,,27212,"전자기 측정, 시험 및 분석기구 제조업"
374,,,,,,,,,27213,"물질 검사, 측정 및 분석기구 제조업"
375,,,,,,,,,27214,속도계 및 적산계기 제조업
376,,,,,,,,,27215,기기용 자동측정 및 제어장치 제조업
377,,,,,,,,,27216,산업처리공정 제어장비 제조업
378,,,,,,,,,27219,"기타 측정, 시험, 항해, 제어 및 정밀기기 제조업"
379,,,,,273,"안경, 사진장비 및 기타 광학기기 제조업",2731,안경 제조업,27310,안경 제조업
380,,,,,,,2732,광학기기 및 사진장비 제조업,27321,광학렌즈 및 광학요소 제조업
381,,,,,,,,,27322,"사진기, 영사기 및 관련장비 제조업"
382,,,,,,,,,27329,기타 광학기기 제조업
383,,,,,274,시계 및 시계부품 제조업,2740,시계 및 시계부품 제조업,27401,시계제조업
384,,,,,,,,,27402,시계부품 제조업
385,,,28,전기장비 제조업,281,"전동기, 발전기 및 전기 변환 · 공급 · 제어 장치 제조업",2811,"전동기, 발전기 및 전기변환장치 제조업",28111,전동기 및 발전기 제조업
386,,,,,,,,,28112,변압기 제조업
387,,,,,,,,,28113,방전램프용 안정기 제조업
388,,,,,,,,,28119,기타 발전기 및 전기변환장치 제조업
389,,,,,,,2812,전기공급 및 전기제어 장치 제조업,28121,"전기회로 개폐, 보호 및 접속 장치 제조업"
390,,,,,,,,,28122,배전반 및 전기자동제어반 제조업
391,,,,,282,일차전지 및 축전지 제조업,2820,일차전지 및 축전지 제조업,28201,일차전지 제조업
392,,,,,,,,,28202,축전지 제조업
393,,,,,283,절연선 및 케이블 제조업,2830,절연선 및 케이블 제조업,28301,광섬유 케이블 제조업
394,,,,,,,,,28302,기타 절연선 및 케이블 제조업
395,,,,,,,,,28303,절연 코드세트 및 기타 도체 제조업
396,,,,,284,전구 및 조명장치 제조업,2841,전구 및 램프 제조업,28410,전구 및 램프 제조업
397,,,,,,,2842,조명장치 제조업,28421,운송장비용 조명장치 제조업
398,,,,,,,,,28422,일반용 전기 조명장치 제조업
399,,,,,,,,,28423,전시 및 광고용 조명장치 제조업
400,,,,,,,,,28429,기타 조명장치 제조업
401,,,,,285,가정용 기기 제조업,2851,가정용 전기기기 제조업,28511,주방용 전기기기 제조업
402,,,,,,,,,28512,가정용 전기 난방기기 제조업
403,,,,,,,,,28519,기타 가정용 전기기기 제조업
404,,,,,,,2852,가정용 비전기식 조리 및 난방 기구 제조업,28520,가정용 비전기식 조리 및 난방 기구 제조업
405,,,,,289,기타 전기장비 제조업,2890,기타 전기장비 제조업,28901,전기경보 및 신호장치 제조업
406,,,,,,,,,28902,전기용 탄소제품 및 절연제품 제조업
407,,,,,,,,,28903,교통 신호장치 제조업
408,,,,,,,,,28909,그외 기타 전기장비 제조업
409,,,29,기타 기계 및 장비 제조업,291,일반 목적용 기계 제조업,2911,내연기관 및 터빈 제조업; 항공기용 및 차량용 제외,29111,내연기관 제조업
410,,,,,,,,,29119,기타 기관 및 터빈 제조업
411,,,,,,,2912,유압기기 제조업,29120,유압기기 제조업
412,,,,,,,2913,"펌프 및 압축기 제조업; 탭, 밸브 및 유사장치 제조 포함",29131,액체 펌프 제조업
413,,,,,,,,,29132,기체 펌프 및 압축기 제조업
414,,,,,,,,,29133,"탭, 밸브 및 유사장치 제조업"
415,,,,,,,2914,"베어링, 기어 및 동력전달장치 제조업",29141,볼베어링 및 롤러베어링 제조업
416,,,,,,,,,29142,기어 및 동력전달장치 제조업
417,,,,,,,2915,"산업용 오븐, 노 및 노용 버너 제조업",29150,"산업용 오븐, 노 및 노용 버너 제조업"
418,,,,,,,2916,"산업용 트럭, 승강기 및 물품취급장비 제조업",29161,산업용 트럭 및 적재기 제조업
419,,,,,,,,,29162,승강기 제조업
420,,,,,,,,,29163,컨베이어장치 제조업
421,,,,,,,,,29169,기타 물품취급장비 제조업
422,,,,,,,2917,"냉각, 공기조화, 여과, 증류 및 가스발생기 제조업",29171,산업용 냉장 및 냉동 장비 제조업
423,,,,,,,,,29172,공기조화장치 제조업
424,,,,,,,,,29173,산업용 송풍기 및 배기장치 제조업
425,,,,,,,,,29174,기체 여과기 제조업
426,,,,,,,,,29175,액체 여과기 제조업
427,,,,,,,,,29176,"증류기,열교환기 및 가스발생기 제조업"
428,,,,,,,2918,사무용 기계 및 장비 제조업,29180,사무용 기계 및 장비 제조업
429,,,,,,,2919,기타 일반 목적용 기계 제조업,29191,일반저울 제조업
430,,,,,,,,,29192,"용기세척, 포장 및 충전기 제조업"
431,,,,,,,,,29193,자동판매기 및 화폐교환기 제조업
432,,,,,,,,,29194,분사기 및 소화기 제조업
433,,,,,,,,,29195,동력식 수지공구 제조업
434,,,,,,,,,29199,그외 기타 일반목적용 기계 제조업
435,,,,,292,특수 목적용 기계 제조업,2921,농업 및 임업용 기계 제조업,29210,농업 및 임업용 기계 제조업
436,,,,,,,2922,가공공작기계 제조업,29221,전자응용 공작기계 제조업
437,,,,,,,,,29222,금속 절삭기계 제조업
438,,,,,,,,,29223,금속 성형기계 제조업
439,,,,,,,,,29229,기타 가공공작기계 제조업
440,,,,,,,2923,금속주조 및 기타 야금용 기계 제조업,29230,금속 주조 및 기타 야금용 기계 제조업
441,,,,,,,2924,건설 및 광산용 기계장비 제조업,29241,토목공사 및 유사용 기계장비 제조업
442,,,,,,,,,29242,광물처리 및 취급장비 제조업
443,,,,,,,2925,음·식료품 및 담배 가공기계 제조업,29250,음·식료품 및 담배 가공기계 제조업
444,,,,,,,2926,"섬유, 의복 및 가죽 가공기계 제조업",29261,"산업용 섬유세척, 염색, 정리 및 가공 기계 제조업"
445,,,,,,,,,29269,"기타 섬유, 의복 및 가죽 가공 기계 제조업"
446,,,,,,,2927,반도체 및 평판디스플레이 제조용 기계 제조업,29271,반도체 제조용 기계 제조업
447,,,,,,,,,29272,평판디스플레이 제조용 기계 제조업
448,,,,,,,2928,산업용 로봇 제조업,29280,산업용 로봇 제조업
449,,,,,,,2929,기타 특수목적용 기계 제조업,29291,펄프 및 종이 가공용 기계 제조업
450,,,,,,,,,29292,"고무, 화학섬유 및 플라스틱 성형기 제조업"
451,,,,,,,,,29293,인쇄 및 제책용 기계 제조업
452,,,,,,,,,29294,주형 및 금형 제조업
453,,,,,,,,,29299,그외 기타 특수목적용 기계 제조업
454,,,30,자동차 및 트레일러 제조업,301,자동차용 엔진 및 자동차 제조업,3011,자동차용 엔진 제조업,30110,자동차용 엔진 제조업
455,,,,,,,3012,자동차 제조업,30121,승용차 및 기타 여객용 자동차 제조업
456,,,,,,,,,30122,화물자동차 및 특수목적용 자동차 제조업
457,,,,,302,자동차 차체 및 트레일러 제조업,3020,자동차 차체 및 트레일러 제조업,30201,차체 및 특장차 제조업
458,,,,,,,,,30202,트레일러 및 세미트레일러 제조업
459,,,,,,,,,30203,운송용 컨테이너 제조업
460,,,,,303,자동차 부품 제조업,3031,자동차 엔진용 부품 제조업,30310,자동차 엔진용 부품 제조업
461,,,,,,,3032,자동차 차체용 부품 제조업,30320,자동차 차체용 부품 제조업
462,,,,,,,3039,기타 자동차 부품 제조업,30391,자동차용 동력전달장치 제조업
463,,,,,,,,,30392,자동차용 전기장치 제조업
464,,,,,,,,,30399,그외 기타 자동차 부품 제조업
465,,,31,기타 운송장비 제조업,311,선박 및 보트 건조업,3111,선박 건조업,31111,강선 건조업
466,,,,,,,,,31112,합성수지선 건조업
467,,,,,,,,,31113,비철금속 선박 및 기타 항해용 선박 건조업
468,,,,,,,,,31114,선박 구성부분품 제조업
469,,,,,,,,,31119,기타 선박 건조업
470,,,,,,,3112,오락 및 스포츠용 보트 건조업,31120,오락 및 스포츠용 보트 건조업
471,,,,,312,철도장비 제조업,3120,철도장비 제조업,31201,기관차 및 기타 철도차량 제조업
472,,,,,,,,,31202,철도차량부품 및 관련장치물 제조업
473,,,,,313,"항공기,우주선 및 부품 제조업",3131,"항공기,우주선 및 보조장치 제조업",31310,"항공기,우주선 및 보조장치 제조업"
474,,,,,,,3132,항공기용 엔진 및 부품 제조업,31321,항공기용 엔진 제조업
475,,,,,,,,,31322,항공기용 부품 제조업
476,,,,,319,그외 기타 운송장비 제조업,3191,전투용 차량 제조업,31910,전투용 차량 제조업
477,,,,,,,3192,모터사이클 제조업,31920,모터사이클 제조업
478,,,,,,,3199,그외 기타 분류안된 운송장비 제조업,31991,자전거 및 환자용 차량 제조업
479,,,,,,,,,31999,그외 기타 달리 분류되지 않은 운송장비 제조업
480,,,32,가구 제조업,320,가구 제조업,3201,침대 및 내장가구 제조업,32011,운송장비용 의자 제조업
481,,,,,,,,,32012,매트리스 및 침대 제조업
482,,,,,,,,,32019,소파 및 기타 내장가구 제조업
483,,,,,,,3202,목재가구 제조업,32021,주방용 및 음식점용 목재가구 제조업
484,,,,,,,,,32022,나전칠기가구 제조업
485,,,,,,,,,32029,기타 목재가구 제조업
486,,,,,,,3209,기타 가구 제조업,32091,금속 가구 제조업
487,,,,,,,,,32099,그외 기타 가구 제조업
488,,,33,기타 제품 제조업,331,귀금속 및 장신용품 제조업,3311,귀금속 및 관련제품 제조업,33110,귀금속 및 관련제품 제조업
489,,,,,,,3312,모조 귀금속 및 모조 장신용품 제조업,33120,모조 귀금속 및 모조 장신용품 제조업
490,,,,,332,악기 제조업,3320,악기제조업,33201,피아노 제조업
491,,,,,,,,,33202,현악기 제조업
492,,,,,,,,,33203,전자악기 제조업
493,,,,,,,,,33204,국악기 제조업
494,,,,,,,,,33209,기타 악기 제조업
495,,,,,333,운동 및 경기용구 제조업,3330,운동 및 경기용구 제조업,33301,"체조, 육상 및 체력단련용 장비 제조업"
496,,,,,,,,,33302,놀이터용 장비 제조업
497,,,,,,,,,33303,낚시 및 수렵용구 제조업
498,,,,,,,,,33309,기타 운동 및 경기용구 제조업
499,,,,,334,"인형,장난감 및 오락용품 제조업",3340,"인형,장난감 및 오락용품 제조업",33401,인형 및 장난감 제조업
500,,,,,,,,,33402,영상게임기 제조업
501,,,,,,,,,33409,기타 오락용품 제조업
502,,,,,339,그외 기타 제품 제조업,3391,간판 및 광고물 제조업,33910,간판 및 광고물 제조업
503,,,,,,,3392,사무 및 회화용품 제조업,33920,사무 및 회화용품 제조업
504,,,,,,,3393,"가발, 장식용품 및 교시용 모형 제조업",33931,가발 및 유사 제품 제조업
505,,,,,,,,,33932,조화 및 모조장식품 제조업
506,,,,,,,,,33933,표구 및 전사처리 제조업
507,,,,,,,,,33934,교시용 모형 제조업
508,,,,,,,3399,그외 기타 분류안된 제품 제조업,33991,우산 및 지팡이 제조업
509,,,,,,,,,33992,단추 및 유사 파스너 제조업
510,,,,,,,,,33993,"라이터, 연소물 및 흡연용품 제조업"
511,,,,,,,,,33994,비 및 솔 제조업
512,,,,,,,,,33999,그외 기타 달리 분류되지 않은 제품 제조업
513,D,"전기, 가스, 증기 및 수도사업 (35 ~ 36)",35,"전기, 가스, 증기 및 공기조절 공급업",351,전기업,3511,발전업,35111,원자력 발전업
514,,,,,,,,,35112,수력 발전업
515,,,,,,,,,35113,화력 발전업
516,,,,,,,,,35119,기타 발전업
517,,,,,,,3512,송전 및 배전업,35120,송전 및 배전업
518,,,,,352,가스 제조 및 배관공급업,3520,가스 제조 및 배관공급업,35200,가스 제조 및 배관공급업
519,,,,,353,"증기,냉온수 및 공기조절 공급업",3530,"증기,냉온수 및 공기조절 공급업",35300,"증기,냉온수 및 공기조절 공급업"
520,,,36,수도사업,360,수도사업,3601,생활용수 공급업,36010,생활용수 공급업
521,,,,,,,3602,산업용수 공급업,36020,산업용수 공급업
522,E,"하수 · 폐기물 처리, 원료재생 및 환경복원업 (37 ~ 39)",37,"하수, 폐수 및 분뇨 처리업",370,"하수, 폐수 및 분뇨 처리업",3701,하수 및 폐수 처리업,37011,하수 처리업
523,,,,,,,,,37012,폐수 처리업
524,,,,,,,3702,분뇨 및 축산분뇨 처리업,37021,분뇨 처리업
525,,,,,,,,,37022,축산분뇨 처리업
526,,,38,"폐기물 수집운반, 처리 및 원료재생업",381,폐기물 수집운반업,3811,지정외 폐기물 수집운반업,38110,지정외 폐기물 수집운반업
527,,,,,,,3812,지정 폐기물 수집운반업,38120,지정 폐기물 수집운반업
528,,,,,,,3813,건설폐기물 수집운반업,38130,건설폐기물 수집운반업
529,,,,,382,폐기물 처리업,3821,지정외 폐기물 처리업,38210,지정외 폐기물 처리업
530,,,,,,,3822,지정 폐기물 처리업,38220,지정 폐기물 처리업
531,,,,,,,3823,건설 폐기물 처리업,38230,건설 폐기물 처리업
532,,,,,,,3824,방사성 폐기물 수집운반 및 처리업,38240,방사성 폐기물 수집운반 및 처리업
533,,,,,383,금속 및 비금속 원료 재생업,3830,금속 및 비금속 원료 재생업,38301,금속원료 재생업
534,,,,,,,,,38302,비금속원료 재생업
535,,,39,환경 정화 및 복원업,390,환경 정화 및 복원업,3900,환경 정화 및 복원업,39001,토양 및 지하수 정화업
536,,,,,,,,,39009,기타 환경 정화 및 복원업
537,F,건설업 (41 ~ 42),41,종합 건설업,411,건물 건설업,4111,주거용 건물 건설업,41111,단독 및 연립주택 건설업
538,,,,,,,,,41112,아파트 건설업
539,,,,,,,4112,비주거용 건물 건설업,41121,사무 및 상업용 건물 건설업
540,,,,,,,,,41122,공업 및 유사 산업용 건물 건설업
541,,,,,,,,,41129,기타 비주거용 건물 건설업
542,,,,,412,토목 건설업,4121,지반조성 건설업,41210,지반조성 건설업
543,,,,,,,4122,토목시설물 건설업,41221,도로 건설업
544,,,,,,,,,41222,"교량, 터널 및 철도 건설업"
545,,,,,,,,,41223,"수로, 댐 및 급 · 배수시설 건설업"
546,,,,,,,,,41224,폐기물처리 및 오염방지시설 건설업
547,,,,,,,,,41225,산업플랜트 건설업
548,,,,,,,,,41226,조경 건설업
549,,,,,,,,,41229,기타 토목시설물 건설업
550,,,42,전문직별 공사업,421,기반조성 및 시설물 축조관련 전문공사업,4211,건물 및 구축물 해체 공사업,42110,건물 및 구축물 해체 공사업
551,,,,,,,4212,기반조성 관련 전문공사업,42121,토공사업
552,,,,,,,,,42122,"보링, 그라우팅 및 굴정 공사업"
553,,,,,,,,,42123,파일공사 및 축조관련 기초 공사업
554,,,,,,,,,42129,기타 기반조성 관련 전문공사업
555,,,,,,,4213,시설물 축조 관련 전문공사업,42131,철골 공사업
556,,,,,,,,,42132,철근 및 철근콘크리트 공사업
557,,,,,,,,,42133,조적 및 석축 공사업
558,,,,,,,,,42134,포장 공사업
559,,,,,,,,,42135,철도궤도 전문공사업
560,,,,,,,,,42136,수중 공사업
561,,,,,,,,,42137,비계 및 형틀 공사업
562,,,,,,,,,42139,기타 시설물 축조관련 전문공사업
563,,,,,422,건물설비 설치 공사업,4220,건물설비 설치 공사업,42201,배관 및 냉·난방 공사업
564,,,,,,,,,42202,건물용 기계장비 설치 공사업
565,,,,,,,,,42203,방음 및 내화 공사업
566,,,,,,,,,42204,소방시설 공사업
567,,,,,,,,,42209,기타 건물설비 설치 공사업
568,,,,,423,전기 및 통신 공사업,4231,전기 공사업,42311,일반전기 공사업
569,,,,,,,,,42312,내부 전기배선 공사업
570,,,,,,,4232,통신 공사업,42321,일반 통신 공사업
571,,,,,,,,,42322,내부 통신배선 공사업
572,,,,,424,실내건축 및 건축마무리 공사업,4241,"도장, 도배 및 내장 공사업",42411,도장 공사업
573,,,,,,,,,42412,"도배, 실내장식 및 내장 목공사업"
574,,,,,,,4242,유리 및 창호 공사업,42420,유리 및 창호 공사업
575,,,,,,,4249,기타 건축마무리 공사업,42491,"미장, 타일 및 방수 공사업"
576,,,,,,,,,42492,건물용 금속공작물 설치 공사업
577,,,,,,,,,42499,그외 기타 건축마무리 공사업
578,,,,,425,건설장비 운영업,4250,건설장비 운영업,42500,건설장비 운영업
579,G,도매 및 소매업(45~47),45,자동차 및 부품 판매업,451,자동차 판매업,4511,자동차 신품 판매업,45110,자동차 신품 판매업
580,,,,,,,4512,중고 자동차 판매업,45120,중고 자동차 판매업
581,,,,,452,자동차 부품 및 내장품 판매업,4521,자동차신품 부품 및 내장품 판매업,45211,자동차 타이어 및 튜브 판매업
582,,,,,,,,,45219,기타 자동차신품 부품 및 내장품 판매업
583,,,,,,,4522,자동차중고 부품 및 내장품 판매업,45220,자동차중고 부품 및 내장품 판매업
584,,,,,453,모터사이클 및 부품 판매업,4530,모터사이클 및 부품 판매업,45301,모터사이클 및 부품 도매업
585,,,,,,,,,45302,모터사이클 및 부품 소매업
586,,,46,도매 및 상품중개업,461,상품 중개업,4610,상품 중개업,46101,산업용 농축산물 및 산동물 중개업
587,,,,,,,,,46102,음·식료품 및 담배 중개업
588,,,,,,,,,46103,"섬유, 의복, 신발 및 가죽제품 중개업"
589,,,,,,,,,46104,기계장비 중개업
590,,,,,,,,,46105,상품종합 중개업
591,,,,,,,,,46109,기타 상품 중개업
592,,,,,462,산업용 농축산물 및 산동물 도매업,4620,산업용 농축산물 및 산동물 도매업,46201,곡물 도매업
593,,,,,,,,,46202,종자 및 묘목 도매업
594,,,,,,,,,46203,사료 도매업
595,,,,,,,,,46204,화초 및 산식물 도매업
596,,,,,,,,,46205,산동물 도매업
597,,,,,,,,,46209,기타 산업용 농산물 및 산동물 도매업
598,,,,,463,음·식료품 및 담배 도매업,4631,비가공 식품 도매업,46311,과실 및 채소 도매업
599,,,,,,,,,46312,육류 도매업
600,,,,,,,,,46313,수산물 도매업
601,,,,,,,,,46319,기타 비가공 식품 도매업
602,,,,,,,4632,가공식품 도매업,46321,육류 가공식품 도매업
603,,,,,,,,,46322,수산물 가공식품 도매업
604,,,,,,,,,46323,빵 및 과자 도매업
605,,,,,,,,,46324,낙농품 도매업
606,,,,,,,,,46329,기타 가공식품 도매업
607,,,,,,,4633,음료 및 담배 도매업,46331,주류 도매업
608,,,,,,,,,46332,비알콜음료 도매업
609,,,,,,,,,46333,담배 도매업
610,,,,,464,가정용품 도매업,4641,"가정용 섬유, 의복 및 의복액세서리 도매업",46411,가정용 섬유 및 실 도매업
611,,,,,,,,,46412,커튼 및 침구용품 도매업
612,,,,,,,,,46413,셔츠 및 외의 도매업
613,,,,,,,,,46414,유아용 의류 도매업
614,,,,,,,,,46415,내의 도매업
615,,,,,,,,,46416,가죽 및 모피제품 도매업
616,,,,,,,,,46417,의복액세서리 및 모조장신품 도매업
617,,,,,,,,,46419,기타 가정용 섬유 및 직물제품 도매업
618,,,,,,,4642,신발 도매업,46420,신발 도매업
619,,,,,,,4643,"조명기구, 가정용 가구 및 비전기식 가정용기기 도매업",46431,가정용 가구 도매업
620,,,,,,,,,46432,전구·램프 및 조명장치 도매업
621,,,,,,,,,46433,"가정용 요업제품, 비전기식 주방용품 및 날붙이 도매업"
622,,,,,,,,,46439,기타 비전기식 가정용 기기 및 기구 도매업
623,,,,,,,4644,"의약품, 의료용품 및 화장품 도매업",46441,의약품 도매업
624,,,,,,,,,46442,의료용품 도매업
625,,,,,,,,,46443,화장품 도매업
626,,,,,,,,,46444,비누 및 세정제 도매업
627,,,,,,,4645,"종이, 인쇄물 및 문구용품 도매업",46451,종이제품 도매업
628,,,,,,,,,46452,문구용품 도매업
629,,,,,,,,,46453,"서적, 잡지 및 신문 도매업"
630,,,,,,,4646,"오락, 취미 및 경기용품 도매업",46461,음반 및 비디오물 도매업
631,,,,,,,,,46462,악기 도매업
632,,,,,,,,,46463,장난감 및 취미용품 도매업
633,,,,,,,,,46464,운동 및 경기용품 도매업
634,,,,,,,,,46465,자전거 및 기타 운송장비 도매업
635,,,,,,,4649,기타 가정용품 도매업,46491,가방 및 여행용품 도매업
636,,,,,,,,,46492,시계 및 귀금속제품 도매업
637,,,,,,,,,46493,사진장비 및 광학용품 도매업
638,,,,,,,,,46499,그외 기타 가정용품 도매업
639,,,,,465,기계장비 및 관련 물품 도매업,4651,"컴퓨터 및 주변장치, 소프트웨어 도매업",46510,"컴퓨터 및 주변장치, 소프트웨어 도매업"
640,,,,,,,4652,"가전제품, 통신장비 및 부품 도매업",46521,가전제품 및 부품 도매업
641,,,,,,,,,46522,통신장비 및 부품 도매업
642,,,,,,,4653,산업용 기계 및 장비 도매업,46531,농업용 기계 및 장비 도매업
643,,,,,,,,,46532,건설·광업용 기계 및 장비 도매업
644,,,,,,,,,46533,공작기계 도매업
645,,,,,,,,,46539,기타 산업용 기계 및 장비 도매업
646,,,,,,,4659,기타 기계 및 장비 도매업,46591,사무용 가구 및 기기 도매업
647,,,,,,,,,46592,"의료, 정밀 및 과학기기 도매업"
648,,,,,,,,,46593,수송용 기계 및 장비 도매업
649,,,,,,,,,46594,전기용 기계장비 및 관련 기자재 도매업
650,,,,,,,,,46599,그외 기타 기계 및 장비 도매업
651,,,,,466,"건축자재, 철물 및 난방장치 도매업",4661,일반 건축자재 도매업,46611,원목 및 건축관련 목재품 도매업
652,,,,,,,,,46612,"골재, 벽돌 및 시멘트 도매업"
653,,,,,,,,,46613,유리 및 창호 도매업
654,,,,,,,4662,철물 및 냉·난방장치 도매업,46621,배관 및 냉·난방장치 도매업
655,,,,,,,,,46622,철물 및 수공구 도매업
656,,,,,,,4669,기타 건축자재 도매업,46691,도료 도매업
657,,,,,,,,,46692,벽지 및 장판류 도매업
658,,,,,,,,,46699,그외 기타 건축자재 도매업
659,,,,,467,기타 전문 도매업,4671,연료 및 관련제품 도매업,46711,고체연료 및 관련제품 도매업
660,,,,,,,,,46712,액체연료 및 관련제품 도매업
661,,,,,,,,,46713,기체연료 및 관련제품 도매업
662,,,,,,,4672,1차 금속제품 및 금속광물 도매업,46721,1차 금속제품 도매업
663,,,,,,,,,46722,금속광물 도매업
664,,,,,,,4673,화학물질 및 화학제품 도매업,46731,"염료, 안료 및 관련제품 도매업"
665,,,,,,,,,46732,비료 및 농약 도매업
666,,,,,,,,,46733,합성고무 및 플라스틱물질 도매업
667,,,,,,,,,46739,기타 화학물질 및 화학제품 도매업
668,,,,,,,4674,"방직용 섬유, 사 및 직물 도매업",46741,방직용 섬유 및 사 도매업
669,,,,,,,,,46742,직물 도매업
670,,,,,,,4679,재생용 재료 및 기타 상품 전문 도매업,46791,재생용 재료 수집 및 판매업
671,,,,,,,,,46799,그외 기타 상품 전문 도매업
672,,,,,468,상품 종합 도매업,4680,상품 종합 도매업,46800,상품 종합 도매업
673,,,47,소매업; 자동차 제외,471,종합 소매업,4711,대형 종합 소매업,47111,백화점
674,,,,,,,,,47119,기타 대형 종합 소매업
675,,,,,,,4712,음·식료품 위주 종합 소매업,47121,슈퍼마켓
676,,,,,,,,,47122,체인화 편의점
677,,,,,,,,,47129,기타 음·식료품 위주 종합 소매업
678,,,,,,,4719,그외 기타 종합 소매업,47190,그외 기타 종합 소매업
679,,,,,472,음·식료품 및 담배 소매업,4721,식료품 소매업,47211,곡물 소매업
680,,,,,,,,,47212,육류 소매업
681,,,,,,,,,47213,수산물 소매업
682,,,,,,,,,47214,과실 및 채소 소매업
683,,,,,,,,,47215,빵 및 과자류 소매업
684,,,,,,,,,47216,건강보조식품 소매업
685,,,,,,,,,47219,기타 식료품 소매업
686,,,,,,,4722,음료 및 담배 소매업,47221,음료 소매업
687,,,,,,,,,47222,담배 소매업
688,,,,,473,정보통신장비 소매업,4731,"컴퓨터 및 주변장치, 소프트웨어 및 통신기기 소매업",47311,"컴퓨터 및 주변장치, 소프트웨어 소매업"
689,,,,,,,,,47312,통신기기 소매업
690,,,,,,,4732,가전제품 소매업,47320,가전제품 소매업
691,,,,,474,"섬유, 의복, 신발 및 가죽제품 소매업",4741,"섬유, 직물, 의복 및 의복액세서리 소매업",47411,가정용 직물제품 소매업
692,,,,,,,,,47412,한복 소매업
693,,,,,,,,,47413,남녀용 정장 소매업
694,,,,,,,,,47414,유아용 의류 소매업
695,,,,,,,,,47415,내의 소매업
696,,,,,,,,,47416,셔츠 및 기타 의복 소매업
697,,,,,,,,,47419,"기타 섬유, 직물 및 의복액세서리 소매업"
698,,,,,,,4742,신발 소매업,47420,신발 소매업
699,,,,,,,4743,가방 및 기타 가죽제품 소매업,47430,가방 및 기타 가죽제품 소매업
700,,,,,475,기타 가정용품 소매업,4751,"철물, 페인트, 유리 및 건설자재 소매업",47511,철물 및 난방용구 소매업
701,,,,,,,,,47512,기계공구 소매업
702,,,,,,,,,47513,벽지 및 장판류 소매업
703,,,,,,,,,47519,"페인트, 유리 및 기타 건설자재 소매업"
704,,,,,,,4752,가구 소매업,47520,가구 소매업
705,,,,,,,4759,그외 기타 가정용품 소매업,47591,전기용품 및 조명장치 소매업
706,,,,,,,,,47592,식탁 및 주방용품 소매업
707,,,,,,,,,47593,악기 소매업
708,,,,,,,,,47599,그외 기타 분류안된 가정용품 소매업
709,,,,,476,"문화, 오락 및 여가 용품 소매업",4761,서적 및 문구용품 소매업,47611,서적 및 잡지류 소매업
710,,,,,,,,,47612,문구용품 소매업
711,,,,,,,4762,음반 및 비디오물 소매업,47620,음반 및 비디오물 소매업
712,,,,,,,4763,스포츠용품 소매업,47631,운동 및 경기용품 소매업
713,,,,,,,,,47632,자전거 및 기타 운송장비 소매업
714,,,,,,,4764,"게임용구, 인형 및 장난감 소매업",47640,"게임용구, 인형 및 장난감 소매업"
715,,,,,477,연료 소매업,4771,차량용 연료 소매업,47711,차량용 주유소 운영업
716,,,,,,,,,47712,차량용 가스 충전업
717,,,,,,,4772,가정용 연료 소매업,47721,가정용 고체연료 소매업
718,,,,,,,,,47722,가정용 액체연료 소매업
719,,,,,,,,,47723,가정용 가스연료 소매업
720,,,,,478,기타 상품 전문 소매업,4781,"의약품, 의료용 기구, 화장품 및 방향제 소매업",47811,의약품 및 의료용품 소매업
721,,,,,,,,,47812,의료용 기구 소매업
722,,,,,,,,,47813,화장품 및 방향제 소매업
723,,,,,,,4782,"사무용 기기, 사진장비 및 정밀기기 소매업",47821,사무용 기기 소매업
724,,,,,,,,,47822,안경 소매업
725,,,,,,,,,47823,사진기 및 사진용품 소매업
726,,,,,,,,,47829,기타 광학 및 정밀 기기 소매업
727,,,,,,,4783,시계 및 귀금속 소매업,47830,시계 및 귀금속 소매업
728,,,,,,,4784,예술품 및 선물용품 소매업,47841,예술품 및 골동품 소매업
729,,,,,,,,,47842,관광 민예품 및 선물용품 소매업
730,,,,,,,4785,그외 기타 상품 전문 소매업,47851,화초 및 산식물 소매업
731,,,,,,,,,47852,애완용 동물 및 관련용품 소매업
732,,,,,,,,,47859,그외 기타 분류안된 상품 전문 소매업
733,,,,,,,4786,중고상품 소매업,47861,중고가구 소매업
734,,,,,,,,,47862,중고 가전제품 소매업
735,,,,,,,,,47869,기타 중고상품 소매업
736,,,,,479,무점포 소매업,4791,통신 판매업,47911,전자상거래업
737,,,,,,,,,47919,기타 통신 판매업
738,,,,,,,4792,노점 및 유사이동 소매업,47920,노점 및 유사이동 소매업
739,,,,,,,4799,기타 무점포 소매업,47991,자동판매기 운영업
740,,,,,,,,,47992,계약배달 판매업
741,,,,,,,,,47993,방문 판매업
742,,,,,,,,,47999,그외 기타 무점포 소매업
743,H,운수업(49~52),49,육상운송 및 파이프라인 운송업,491,철도운송업,4910,철도운송업,49100,철도운송업
744,,,,,492,육상 여객 운송업,4921,도시 정기 육상 여객 운송업,49211,도시철도 운송업
745,,,,,,,,,49212,시내버스 운송업
746,,,,,,,,,49219,기타 도시 정기 육상 여객 운송업
747,,,,,,,4922,시외버스 운송업,49220,시외버스 운송업
748,,,,,,,4923,부정기 여객 육상 운송업,49231,택시 운송업
749,,,,,,,,,49232,전세버스 운송업
750,,,,,,,,,49233,장의차량 운영업
751,,,,,,,,,49239,기타 부정기 여객 육상 운송업
752,,,,,493,도로 화물 운송업,4931,화물자동차 운송업,49311,일반 화물자동차 운송업
753,,,,,,,,,49312,용달 및 개별 화물자동차 운송업
754,,,,,,,4939,기타 도로화물 운송업,49390,기타 도로화물 운송업
755,,,,,494,소화물 전문 운송업,4940,소화물 전문 운송업,49401,택배업
756,,,,,,,,,49402,늘찬 배달업
757,,,,,495,파이프라인 운송업,4950,파이프라인 운송업,49500,파이프라인 운송업
758,,,50,수상 운송업,501,해상 운송업,5011,외항 운송업,50111,외항 여객 운송업
759,,,,,,,,,50112,외항 화물 운송업
760,,,,,,,5012,내항 운송업,50121,내항 여객 운송업
761,,,,,,,,,50122,내항 화물 운송업
762,,,,,,,5013,기타 해상 운송업,50130,기타 해상 운송업
763,,,,,502,내륙 수상 및 항만내 운송업,5020,내륙 수상 및 항만내 운송업,50201,내륙 수상 여객 운송업
764,,,,,,,,,50202,내륙 수상 화물 운송업
765,,,,,,,,,50203,항만내 운송업
766,,,,,,,,,50209,기타 내륙 수상 및 항만내 운송업
767,,,51,항공 운송업,511,정기 항공 운송업,5110,정기 항공 운송업,51100,정기 항공 운송업
768,,,,,512,부정기 항공 운송업,5120,부정기 항공 운송업,51200,부정기 항공 운송업
769,,,52,창고 및 운송관련 서비스업,521,보관 및 창고업,5210,보관 및 창고업,52101,일반 창고업
770,,,,,,,,,52102,냉장 및 냉동 창고업
771,,,,,,,,,52103,농산물 창고업
772,,,,,,,,,52104,위험물품 보관업
773,,,,,,,,,52109,기타 보관 및 창고업
774,,,,,529,기타 운송관련 서비스업,5291,육상 운송지원 서비스업,52911,철도 운송지원 서비스업
775,,,,,,,,,52912,여객 자동차 터미널 운영업
776,,,,,,,,,52913,화물 자동차 터미널 운영업
777,,,,,,,,,52914,도로 및 관련시설 운영업
778,,,,,,,,,52915,주차장 운영업
779,,,,,,,,,52919,기타 육상 운송지원 서비스업
780,,,,,,,5292,수상 운송지원 서비스업,52921,항구 및 기타 해상 터미널 운영업
781,,,,,,,,,52929,기타 수상 운송지원 서비스업
782,,,,,,,5293,항공 운송지원 서비스업,52931,공항 운영업
783,,,,,,,,,52939,기타 항공 운송지원 서비스업
784,,,,,,,5294,화물 취급업,52941,항공 및 육상 화물 취급업
785,,,,,,,,,52942,수상 화물 취급업
786,,,,,,,5299,그외 기타 운송관련 서비스업,52991,"화물운송 중개, 대리 및 관련서비스업"
787,,,,,,,,,52992,"화물포장, 검수 및 형량 서비스업"
788,,,,,,,,,52999,그외 기타 분류안된 운송관련 서비스업
789,I,숙박 및 음식점업 (55 ~ 56),55,숙박업,551,숙박시설 운영업,5511,관광숙박시설 운영업,55111,호텔업
790,,,,,,,,,55112,여관업
791,,,,,,,,,55113,휴양콘도 운영업
792,,,,,,,,,55114,청소년수련시설 운영업
793,,,,,,,,,55119,기타 관광숙박시설 운영업
794,,,,,559,기타 숙박업,5590,기타 숙박업,55901,기숙사 운영업
795,,,,,,,,,55909,그외 기타 숙박업
796,,,56,음식점 및 주점업,561,음식점업,5611,일반 음식점업,56111,한식 음식점업
797,,,,,,,,,56112,중식 음식점업
798,,,,,,,,,56113,일식 음식점업
799,,,,,,,,,56114,서양식 음식점업
800,,,,,,,,,56119,기타 외국식 음식점업
801,,,,,,,5612,기관구내식당업,56120,기관구내식당업
802,,,,,,,5613,출장 및 이동 음식업,56131,출장 음식 서비스업
803,,,,,,,,,56132,이동 음식업
804,,,,,,,5619,기타 음식점업,56191,제과점업
805,,,,,,,,,56192,"피자, 햄버거, 샌드위치 및 유사 음식점업"
806,,,,,,,,,56193,치킨 전문점
807,,,,,,,,,56194,분식 및 김밥 전문점
808,,,,,,,,,56199,그외 기타 음식점업
809,,,,,562,주점 및 비알콜음료점업,5621,주점업,56211,일반유흥 주점업
810,,,,,,,,,56212,무도유흥 주점업
811,,,,,,,,,56219,기타 주점업
812,,,,,,,5622,비알콜 음료점업,56220,비알콜 음료점업
813,J,"출판, 영상, 방송통신 및 정보서비스업 (58 ~ 63)",58,출판업,581,"서적, 잡지 및 기타 인쇄물 출판업",5811,서적 출판업,58111,교과서 및 학습서적 출판업
814,,,,,,,,,58112,만화 출판업
815,,,,,,,,,58119,기타 서적 출판업
816,,,,,,,5812,"신문, 잡지 및 정기간행물 출판업",58121,신문 발행업
817,,,,,,,,,58122,잡지 및 정기간행물 발행업
818,,,,,,,,,58123,정기 광고간행물 발행업
819,,,,,,,5819,기타 인쇄물 출판업,58190,기타 인쇄물 출판업
820,,,,,582,소프트웨어 개발 및 공급업,5821,게임 소프트웨어 개발 및 공급업,58211,온라인·모바일 게임 소프트웨어 개발 및 공급업
821,,,,,,,,,58219,기타 게임 소프트웨어 개발 및 공급업
822,,,,,,,5822,시스템·응용 소프트웨어 개발 및 공급업,58221,시스템 소프트웨어 개발 및 공급업
823,,,,,,,,,58222,응용소프트웨어 개발 및 공급업
824,,,59,영상·오디오 기록물 제작 및 배급업,591,"영화, 비디오물, 방송프로그램 제작 및 배급업",5911,"영화, 비디오물 및 방송프로그램 제작업",59111,일반 영화 및 비디오물 제작업
825,,,,,,,,,59112,애니메이션 영화 및 비디오물 제작업
826,,,,,,,,,59113,광고 영화 및 비디오물 제작업
827,,,,,,,,,59114,방송 프로그램 제작업
828,,,,,,,5912,"영화, 비디오물 및 방송프로그램 제작 관련 서비스업",59120,"영화, 비디오물 및 방송프로그램 제작 관련 서비스업"
829,,,,,,,5913,"영화, 비디오물 및 방송프로그램 배급업",59130,"영화, 비디오물 및 방송프로그램 배급업"
830,,,,,,,5914,영화 및 비디오물 상영업,59141,영화관 운영업
831,,,,,,,,,59142,비디오물 감상실 운영업
832,,,,,592,오디오물 출판 및 원판 녹음업,5920,오디오물 출판 및 원판 녹음업,59201,음악 및 기타 오디오물 출판업
833,,,,,,,,,59202,녹음시설 운영업
834,,,60,방송업,601,라디오 방송업,6010,라디오 방송업,60100,라디오 방송업
835,,,,,602,텔레비전 방송업,6021,지상파 방송업,60210,지상파 방송업
836,,,,,,,6022,"유선, 위성 및 기타 방송업",60221,프로그램 공급업
837,,,,,,,,,60222,유선방송업
838,,,,,,,,,60229,위성 및 기타 방송업
839,,,61,통신업,611,우편업,6110,우편업,61100,우편업
840,,,,,612,전기통신업,6121,유선통신업,61210,유선통신업
841,,,,,,,6122,무선통신업,61220,무선통신업
842,,,,,,,6123,위성통신업,61230,위성통신업
843,,,,,,,6129,기타 전기통신업,61291,통신 재판매업
844,,,,,,,,,61299,그외 기타 전기 통신업
845,,,62,"컴퓨터 프로그래밍, 시스템 통합 및 관리업",620,"컴퓨터 프로그래밍, 시스템 통합 및 관리업",6201,컴퓨터 프로그래밍 서비스업,62010,컴퓨터 프로그래밍 서비스업
846,,,,,,,6202,"컴퓨터시스템 통합 자문, 구축 및 관리업",62021,컴퓨터시스템 통합 자문 및 구축 서비스업
847,,,,,,,,,62022,컴퓨터시설 관리업
848,,,,,,,6209,기타 정보기술 및 컴퓨터운영 관련 서비스업,62090,기타 정보기술 및 컴퓨터운영 관련 서비스업
849,,,63,정보서비스업,631,"자료처리, 호스팅, 포털 및 기타 인터넷 정보매개서비스업",6311,"자료처리, 호스팅 및 관련 서비스업",63111,자료 처리업
850,,,,,,,,,63112,호스팅 및 관련 서비스업
851,,,,,,,6312,포털 및 기타 인터넷 정보매개 서비스업,63120,포털 및 기타 인터넷 정보매개 서비스업
852,,,,,639,기타 정보 서비스업,6391,뉴스 제공업,63910,뉴스 제공업
853,,,,,,,6399,그외 기타 정보 서비스업,63991,데이터베이스 및 온라인정보 제공업
854,,,,,,,,,63999,그외 기타 정보 서비스업
855,K,금융 및 보험업 (64 ~ 66),64,금융업,641,은행 및 저축기관,6411,중앙은행,64110,중앙은행
856,,,,,,,6412,일반은행,64121,국내은행
857,,,,,,,,,64122,외국은행
858,,,,,,,6413,신용조합 및 저축기관,64131,신용조합
859,,,,,,,,,64132,상호저축은행
860,,,,,,,,,64139,기타 저축기관
861,,,,,642,투자기관,6420,투자기관,64201,자산운용회사
862,,,,,,,,,64209,기타 투자기관
863,,,,,649,기타 금융업,6491,여신금융업,64911,금융리스업
864,,,,,,,,,64912,개발금융기관
865,,,,,,,,,64913,신용카드 및 할부금융업
866,,,,,,,,,64919,그외 기타 여신금융업
867,,,,,,,6499,그외 기타 금융업,64991,기금 운영업
868,,,,,,,,,64992,금융지주회사
869,,,,,,,,,64999,그외 기타 분류안된 금융업
870,,,65,보험 및 연금업,651,보험업,6511,생명 보험업,65110,생명 보험업
871,,,,,,,6512,손해 및 보증 보험업,65121,손해 보험업
872,,,,,,,,,65122,보증 보험업
873,,,,,,,6513,사회보장 보험업,65131,건강 보험업
874,,,,,,,,,65139,산업재해 및 기타 사회보장 보험업
875,,,,,652,재 보험업,6520,재 보험업,65200,재 보험업
876,,,,,653,연금 및 공제업,6530,연금 및 공제업,65301,개인 공제업
877,,,,,,,,,65302,사업 공제업
878,,,,,,,,,65303,연금업
879,,,66,금융 및 보험 관련 서비스업,661,금융지원 서비스업,6611,금융시장 관리업,66110,금융시장 관리업
880,,,,,,,6612,증권 및 선물 중개업,66121,증권 중개업
881,,,,,,,,,66122,선물 중개업
882,,,,,,,6619,기타 금융지원 서비스업,66191,유가증권 관리 및 보관업
883,,,,,,,,,66192,투자 자문업
884,,,,,,,,,66199,그외 기타 금융지원 서비스업
885,,,,,662,보험 및 연금관련 서비스업,6620,보험 및 연금관련 서비스업,66201,손해사정업
886,,,,,,,,,66202,보험대리 및 중개업
887,,,,,,,,,66209,기타 보험 및 연금관련 서비스업
888,L,부동산업 및 임대업 (68 ~ 69),68,부동산업,681,부동산 임대 및 공급업,6811,부동산 임대업,68111,주거용 건물 임대업
889,,,,,,,,,68112,비주거용 건물 임대업
890,,,,,,,,,68119,기타 부동산 임대업
891,,,,,,,6812,부동산 개발 및 공급업,68121,주거용 건물 개발 및 공급업
892,,,,,,,,,68122,비주거용 건물 개발 및 공급업
893,,,,,,,,,68129,기타 부동산 개발 및 공급업
894,,,,,682,부동산 관련 서비스업,6821,부동산 관리업,68211,주거용 부동산 관리업
895,,,,,,,,,68212,비주거용 부동산 관리업
896,,,,,,,6822,부동산 중개 및 감정평가업,68221,부동산 자문 및 중개업
897,,,,,,,,,68222,부동산 감정평가업
898,,,69,임대업;부동산 제외,691,운송장비 임대업,6911,자동차 임대업,69110,자동차 임대업
899,,,,,,,6919,기타 운송장비 임대업,69190,기타 운송장비 임대업
900,,,,,692,개인 및 가정용품 임대업,6921,스포츠 및 레크레이션 용품 임대업,69210,스포츠 및 레크레이션 용품 임대업
901,,,,,,,6922,음반 및 비디오물 임대업,69220,음반 및 비디오물 임대업
902,,,,,,,6929,기타 개인 및 가정용품 임대업,69291,서적 임대업
903,,,,,,,,,69292,의류 임대업
904,,,,,,,,,69299,그외 기타 개인 및 가정용품 임대업
905,,,,,693,산업용 기계 및 장비 임대업,6931,건설 및 토목공사용 기계장비 임대업,69310,건설 및 토목공사용 기계장비 임대업
906,,,,,,,6932,컴퓨터 및 사무용 기계장비 임대업,69320,컴퓨터 및 사무용 기계장비 임대업
907,,,,,,,6939,기타 산업용 기계 및 장비 임대업,69390,기타 산업용 기계 및 장비 임대업
908,,,,,694,무형재산권 임대업,6940,무형재산권 임대업,69400,무형재산권 임대업
909,M,"전문, 과학 및 기술 서비스업 (70 ~ 73)",70,연구개발업,701,자연과학 및 공학 연구개발업,7011,자연과학 연구개발업,70111,"물리, 화학 및 생물학 연구개발업"
910,,,,,,,,,70112,농학 연구개발업
911,,,,,,,,,70113,의학 및 약학 연구개발업
912,,,,,,,,,70119,기타 자연과학 연구개발업
913,,,,,,,7012,공학 연구개발업,70121,전기·전자공학 연구개발업
914,,,,,,,,,70129,기타 공학 연구개발업
915,,,,,702,인문 및 사회과학 연구개발업,7020,인문 및 사회과학 연구개발업,70201,경제학 연구개발업
916,,,,,,,,,70209,기타 인문 및 사회과학 연구개발업
917,,,71,전문서비스업,711,법무관련 서비스업,7110,법무관련 서비스업,71101,변호사업
918,,,,,,,,,71102,변리사업
919,,,,,,,,,71103,법무사업
920,,,,,,,,,71109,기타 법무관련 서비스업
921,,,,,712,회계 및 세무관련 서비스업,7120,회계 및 세무관련 서비스업,71201,공인회계사업
922,,,,,,,,,71202,세무사업
923,,,,,,,,,71209,기타 회계관련 서비스업
924,,,,,713,광고업,7131,광고 대행업,71310,광고 대행업
925,,,,,,,7139,기타 광고업,71391,옥외 및 전시 광고업
926,,,,,,,,,71392,광고매체 판매업
927,,,,,,,,,71393,광고물 작성업
928,,,,,,,,,71399,그외 기타 광고업
929,,,,,714,시장조사 및 여론조사업,7140,시장조사 및 여론조사업,71400,시장조사 및 여론조사업
930,,,,,715,"회사본부, 지주회사 및 경영컨설팅 서비스업",7151,회사본부,71511,제조업 회사본부
931,,,,,,,,,71519,기타 산업 회사본부
932,,,,,,,7152,비금융 지주회사,71520,비금융 지주회사
933,,,,,,,7153,경영컨설팅 및 공공관계 서비스업,71531,경영컨설팅업
934,,,,,,,,,71532,공공관계 서비스업
935,,,72,"건축기술, 엔지니어링 및 기타 과학기술 서비스업",721,"건축기술, 엔지니어링 및 관련기술 서비스업",7211,건축 및 조경 설계 서비스업,72111,건축설계 및 관련 서비스업
936,,,,,,,,,72112,도시계획 및 조경설계 서비스업
937,,,,,,,7212,엔지니어링 서비스업,72121,건물 및 토목엔지니어링 서비스업
938,,,,,,,,,72122,환경컨설팅 및 관련 엔지니어링 서비스업
939,,,,,,,,,72129,기타 엔지니어링 서비스업
940,,,,,729,기타 과학기술 서비스업,7291,"기술 시험, 검사 및 분석업",72911,물질성분 검사 및 분석업
941,,,,,,,,,72919,"기타 기술 시험, 검사 및 분석업"
942,,,,,,,7292,"측량, 지질조사 및 지도제작업",72921,측량업
943,,,,,,,,,72922,제도업
944,,,,,,,,,72923,지질조사 및 탐사업
945,,,,,,,,,72924,지도제작업
946,,,73,"기타 전문, 과학 및 기술 서비스업",731,수의업,7310,수의업,73100,수의업
947,,,,,732,전문디자인업,7320,전문디자인업,73201,인테리어 디자인업
948,,,,,,,,,73202,제품 디자인업
949,,,,,,,,,73203,시각 디자인업
950,,,,,,,,,73209,기타 전문 디자인업
951,,,,,733,사진 촬영 및 처리업,7330,사진 촬영 및 처리업,73301,인물사진 및 행사용비디오 촬영업
952,,,,,,,,,73302,상업용 사진 촬영업
953,,,,,,,,,73303,사진 처리업
954,,,,,739,"그외 기타 전문, 과학 및 기술 서비스업",7390,"그외 기타 전문, 과학 및 기술 서비스업",73901,매니저업
955,,,,,,,,,73902,번역 및 통역서비스업
956,,,,,,,,,73903,사업 및 무형 재산권 중개업
957,,,,,,,,,73904,"물품감정, 계량 및 견본 추출업"
958,,,,,,,,,73909,"그외 기타 분류안된 전문, 과학 및 기술 서비스업"
959,N,사업시설관리 및 사업지원 서비스업 (74 ~ 75),74,사업시설 관리 및 조경 서비스업,741,사업시설 유지관리 서비스업,7410,사업시설 유지관리 서비스업,74100,사업시설 유지관리 서비스업
960,,,,,742,건물·산업설비 청소 및 방제 서비스업,7421,건물 및 산업설비 청소업,74211,건축물 일반 청소업
961,,,,,,,,,74212,사업시설 및 산업용품 청소업
962,,,,,,,7422,"소독, 구충 및 방제 서비스업",74220,"소독, 구충 및 방제 서비스업"
963,,,,,743,조경 관리 및 유지 서비스업,7430,조경 관리 및 유지 서비스업,74300,조경 관리 및 유지 서비스업
964,,,75,사업지원 서비스업,751,인력공급 및 고용알선업,7511,고용알선업,75110,고용알선업
965,,,,,,,7512,인력공급업,75120,인력공급업
966,,,,,752,여행사 및 기타 여행보조 서비스업,7521,여행사업,75211,일반 및 국외 여행사업
967,,,,,,,,,75212,국내 여행사업
968,,,,,,,7529,기타 여행보조 및 예약 서비스업,75290,기타 여행보조 및 예약 서비스업
969,,,,,753,"경비, 경호 및 탐정업",7531,경비 및 경호 서비스업,75310,경비 및 경호 서비스업
970,,,,,,,7532,보안시스템 서비스업,75320,보안시스템 서비스업
971,,,,,,,7533,탐정 및 조사 서비스업,75330,탐정 및 조사 서비스업
972,,,,,759,기타 사업지원 서비스업,7591,사무지원 서비스업,75911,문서 작성업
973,,,,,,,,,75912,복사업
974,,,,,,,,,75919,기타 사무지원 서비스업
975,,,,,,,7599,그외 기타 사업지원 서비스업,75991,콜센터 및 텔레마케팅 서비스업
976,,,,,,,,,75992,전시 및 행사 대행업
977,,,,,,,,,75993,신용조사 및 추심 대행업
978,,,,,,,,,75994,포장 및 충전업
979,,,,,,,,,75999,그외 기타 분류안된 사업지원 서비스업
980,O,"공공행정, 국방 및 사회보장 행정(84)",84,"공공행정, 국방 및 사회보장 행정",841,입법 및 일반 정부 행정,8411,일반 공공 행정,84111,입법기관
981,,,,,,,,,84112,중앙 최고 집행기관
982,,,,,,,,,84113,지방행정 집행기관
983,,,,,,,,,84114,재정 및 경제정책 행정
984,,,,,,,,,84119,기타 일반 공공 행정
985,,,,,,,8412,정부기관 일반 보조 행정,84120,정부기관 일반 보조 행정
986,,,,,842,사회 및 산업정책 행정,8421,사회서비스 관리 행정,84211,교육 행정
987,,,,,,,,,84212,문화 및 관광 행정
988,,,,,,,,,84213,환경 행정
989,,,,,,,,,84214,보건 및 복지 행정
990,,,,,,,,,84219,기타 사회서비스 관리 행정
991,,,,,,,8422,노동 및 산업진흥 행정,84221,노동 행정
992,,,,,,,,,84222,농림수산 행정
993,,,,,,,,,84223,건설 및 운송 행정
994,,,,,,,,,84224,통신 행정
995,,,,,,,,,84229,기타 산업진흥 행정
996,,,,,843,외무 및 국방 행정,8431,외무 행정,84310,외무 행정
997,,,,,,,8432,국방 행정,84320,국방 행정
다음...,,,,,,,,,,